patient,gene,alteration,type
p1,APC,E1345*,TRUNC
p1,TP53,Y205H,MISSENSE
p2,TP53,Q192*,TRUNC
p3,KRAS,G12D,MISSENSE
p4,KRAS,G13D,MISSENSE
p5,KRAS,G12V,MISSENSE
p6,TP53,H168P,MISSENSE
p7,TP53,C275R,MISSENSE
p8,BRAF,V600E,MISSENSE
p10,TP53,L201V,MISSENSE
p11,KRAS,G12V,MISSENSE
p12,APC,R876*,TRUNC
p13,TP53,W146*,TRUNC
p14,APC,S1315*,TRUNC
p15,TP53,R213*,TRUNC
p16,TP53,R175H,MISSENSE
p17,NRAS,Q61K,MISSENSE
p18,TP53,C275F,MISSENSE
p19,TP53,R282W,MISSENSE
p20,APC,E1309*,TRUNC
p22,NRAS,Q61K,MISSENSE
p22,TP53,R175H,MISSENSE
p24,APC,Q1291*,TRUNC
p25,KRAS,G12S,MISSENSE
p26,BRAF,V600E,MISSENSE
p27,TP53,R248Q,MISSENSE
p29,KRAS,G12D,MISSENSE
p30,TP53,L145Q,MISSENSE
p31,BRAF,V600E,MISSENSE
p32,TP53,R175H,MISSENSE
p33,BRAF,E26D,MISSENSE
p34,TP53,R175H,MISSENSE
p35,KRAS,A146T,MISSENSE
p36,KRAS,G12D,MISSENSE
p37,APC,Q1294*,TRUNC
p38,KRAS,G12V,MISSENSE
p40,APC,R1114*,TRUNC
p41,APC,Y1376*,TRUNC
p42,BRAF,V600E,MISSENSE
p43,KRAS,A146T,MISSENSE
p44,APC,Q195*,TRUNC
p45,TP53,C135Y,MISSENSE
p46,APC,Y1075*,TRUNC
p46,BRAF,V600E,MISSENSE
p47,TP53,R175H,MISSENSE
p49,APC,E1353*,TRUNC
p50,TP53,R248Q,MISSENSE
p51,TP53,Y236C,MISSENSE
p52,KRAS,G13D,MISSENSE
p53,BRAF,R252*,TRUNC
p54,TP53,G245S,MISSENSE
p55,APC,R283*,TRUNC
p56,KRAS,G12S,MISSENSE
p57,APC,E1309*,TRUNC
p58,APC,S1272*,TRUNC
p59,APC,R283*,TRUNC
p60,APC,W1049*,TRUNC
p60,KRAS,G12D,MISSENSE
p61,TP53,R213*,TRUNC
p62,TP53,L257V,MISSENSE
p63,APC,S1355P,MISSENSE
p64,TP53,R342*,TRUNC
p65,APC,Q1378*,TRUNC
p66,APC,Q1367*,TRUNC
p66,TP53,R282W,MISSENSE
p67,APC,Q1429*,TRUNC
p67,NRAS,Q61K,MISSENSE
p67,TP53,H179R,MISSENSE
p68,KRAS,G12V,MISSENSE
p69,TP53,R282W,MISSENSE
p71,KRAS,G12V,MISSENSE
p72,KRAS,G12V,MISSENSE
p73,TP53,R273C,MISSENSE
p75,TP53,L257V,MISSENSE
p76,TP53,S215R,MISSENSE
p77,TP53,K132Q,MISSENSE
p78,TP53,R196*,TRUNC
p79,APC,R876*,TRUNC
p80,TP53,R248W,MISSENSE
p81,KRAS,G12V,MISSENSE
p82,TP53,R342*,TRUNC
p83,APC,E941*,TRUNC
p83,APC,Q1338*,TRUNC
p84,APC,S1346*,TRUNC
p84,TP53,R273C,MISSENSE
p85,KRAS,Q22K,MISSENSE
p87,TP53,R342*,TRUNC
p89,APC,R232*,TRUNC
p90,APC,Q1367*,TRUNC
p91,KRAS,G12D,MISSENSE
p92,BRAF,V600E,MISSENSE
p93,TP53,H179Q,MISSENSE
p94,NRAS,Q25*,TRUNC
p95,KRAS,E62K,MISSENSE
p95,KRAS,Q61R,MISSENSE
p96,KRAS,G12V,MISSENSE
p97,TP53,V172G,MISSENSE
p98,TP53,R282W,MISSENSE
p99,KRAS,G12C,MISSENSE
p100,KRAS,A146V,MISSENSE
p100,TP53,R248W,MISSENSE
p103,TP53,F109V,MISSENSE
p104,TP53,R213*,TRUNC
p105,TP53,R273H,MISSENSE
p106,BRAF,V600E,MISSENSE
p107,TP53,I195T,MISSENSE
p111,APC,Q1406*,TRUNC
p112,KRAS,G12V,MISSENSE
p113,TP53,R342*,TRUNC
p114,TP53,Y205H,MISSENSE
p115,TP53,R175H,MISSENSE
p118,TP53,C141Y,MISSENSE
p120,KRAS,A146V,MISSENSE
p122,APC,Q1429*,TRUNC
p123,PIK3CA,G1049R,MISSENSE
p126,TP53,E346*,TRUNC
p127,KRAS,G13D,MISSENSE
p128,ERBB2,P39T,MISSENSE
p129,PIK3CA,E542K,MISSENSE
p130,KRAS,G12D,MISSENSE
p131,BRAF,N581S,MISSENSE
p132,KRAS,G12C,MISSENSE
p133,BRAF,V600E,MISSENSE
p134,BRAF,V600E,MISSENSE
p135,KRAS,G12D,MISSENSE
p136,APC,W423*,TRUNC
p138,TP53,Y163C,MISSENSE
p139,APC,Q1067*,TRUNC
p139,BRAF,V600E,MISSENSE
p139,PIK3CA,E545K,MISSENSE
p139,TP53,R196*,TRUNC
p141,TP53,W91*,TRUNC
p142,APC,Q1378*,TRUNC
p143,TP53,V216M,MISSENSE
p144,APC,E941*,TRUNC
p146,APC,Q1294*,TRUNC
p146,APC,R232*,TRUNC
p146,PIK3CA,L113I,MISSENSE
p147,TP53,C176Y,MISSENSE
p148,KRAS,Q61L,MISSENSE
p149,APC,E1408*,TRUNC
p150,KRAS,G12S,MISSENSE
p151,TP53,Y236*,TRUNC
p152,KRAS,Q61L,MISSENSE
p153,KRAS,G13D,MISSENSE
p154,TP53,R196*,TRUNC
p155,TP53,I162S,MISSENSE
p156,KRAS,G13D,MISSENSE
p156,TP53,C135Y,MISSENSE
p157,TP53,R175H,MISSENSE
p159,TP53,Y205H,MISSENSE
p160,KRAS,G13D,MISSENSE
p161,KRAS,G12S,MISSENSE
p162,TP53,R282W,MISSENSE
p163,KRAS,G12V,MISSENSE
p163,TP53,G245S,MISSENSE
p164,KRAS,G12V,MISSENSE
p164,PIK3CA,E726K,MISSENSE
p164,TP53,S94*,TRUNC
p165,TP53,L130P,MISSENSE
p166,APC,R876*,TRUNC
p167,KRAS,G12V,MISSENSE
p168,TP53,R249M,MISSENSE
p169,TP53,E287*,TRUNC
p170,TP53,S127F,MISSENSE
p171,KRAS,K117N,MISSENSE
p171,PIK3CA,H1047L,MISSENSE
p172,TP53,R337C,MISSENSE
p174,TP53,R282W,MISSENSE
p176,APC,Q1303*,TRUNC
p178,APC,Y935C,MISSENSE
p178,KRAS,Q61H,MISSENSE
p179,PIK3CA,E545K,MISSENSE
p179,TP53,P278L,MISSENSE
p180,KRAS,G12D,MISSENSE
p181,KRAS,G12R,MISSENSE
p182,APC,E1309*,TRUNC
p182,APC,S1278*,TRUNC
p182,TP53,C275F,MISSENSE
p182,TP53,M237V,MISSENSE
p183,APC,S811*,TRUNC
p184,BRAF,V600E,MISSENSE
p185,BRAF,E96K,MISSENSE
p187,TP53,E271*,TRUNC
p188,APC,E1379*,TRUNC
p189,APC,R1450*,TRUNC
p190,TP53,R175G,MISSENSE
p191,KRAS,G13D,MISSENSE
p191,TP53,P278T,MISSENSE
p192,TP53,R175H,MISSENSE
p193,KRAS,G12C,MISSENSE
p194,TP53,C277Y,MISSENSE
p195,KRAS,G13D,MISSENSE
p196,TP53,V173M,MISSENSE
p197,TP53,V173L,MISSENSE
p199,KRAS,Q61H,MISSENSE
p200,KRAS,G12R,MISSENSE
p201,TP53,R248Q,MISSENSE
p202,TP53,R273H,MISSENSE
p203,BRAF,D594N,MISSENSE
p204,TP53,R213*,TRUNC
p206,TP53,R248W,MISSENSE
p207,TP53,L145P,MISSENSE
p208,KRAS,Q61H,MISSENSE
p209,FGFR1,D320N,MISSENSE
p210,TP53,D259Y,MISSENSE
p211,KRAS,G13D,MISSENSE
p212,KRAS,Q22K,MISSENSE
p212,KRAS,V14I,MISSENSE
p213,APC,Q1367*,TRUNC
p214,TP53,R273C,MISSENSE
p215,TP53,C176G,MISSENSE
p216,KRAS,G12V,MISSENSE
p218,TP53,R213*,TRUNC
p219,KRAS,G12D,MISSENSE
p220,TP53,R175H,MISSENSE
p223,APC,Q1406*,TRUNC
p224,APC,K1165*,TRUNC
p225,TP53,R282W,MISSENSE
p226,APC,E1154D,MISSENSE
p227,BRAF,R252*,TRUNC
p227,KRAS,G12D,MISSENSE
p229,TP53,R273H,MISSENSE
p232,KRAS,G13D,MISSENSE
p233,APC,R876*,TRUNC
p235,APC,G1312*,TRUNC
p235,TP53,G245S,MISSENSE
p236,APC,Q1294*,TRUNC
p238,APC,R1450*,TRUNC
p239,TP53,P27S,MISSENSE
p240,APC,E1322*,TRUNC
p243,NRAS,G12D,MISSENSE
p245,TP53,Y163C,MISSENSE
p247,KRAS,G12S,MISSENSE
p247,TP53,D281E,MISSENSE
p248,TP53,R248Q,MISSENSE
p249,APC,R876*,TRUNC
p249,TP53,G266V,MISSENSE
p251,APC,K1363*,TRUNC
p251,TP53,R282W,MISSENSE
p252,APC,R876*,TRUNC
p252,TP53,R196*,TRUNC
p254,TP53,R342*,TRUNC
p255,APC,R1114*,TRUNC
p256,TP53,Q167*,TRUNC
p257,TP53,R273C,MISSENSE
p258,APC,G265*,TRUNC
p259,FGFR1,T787M,MISSENSE
p260,KRAS,G12D,MISSENSE
p261,TP53,G245S,MISSENSE
p262,KRAS,G12R,MISSENSE
p263,TP53,R273H,MISSENSE
p264,APC,E1295*,TRUNC
p265,TP53,R273C,MISSENSE
p268,APC,E1353*,TRUNC
p270,ERBB2,S310F,MISSENSE
p271,TP53,E204*,TRUNC
p272,APC,R1114*,TRUNC
p272,TP53,Q136*,TRUNC
p273,APC,S1315*,TRUNC
p274,APC,R876*,TRUNC
p274,TP53,Y220C,MISSENSE
p276,PIK3CA,Q546E,MISSENSE
p279,KRAS,G12V,MISSENSE
p281,TP53,N239T,MISSENSE
p282,APC,Y1376*,TRUNC
p282,TP53,R158H,MISSENSE
p284,TP53,R196*,TRUNC
p285,TP53,R248W,MISSENSE
p286,APC,S1392*,TRUNC
p287,NRAS,G12D,MISSENSE
p287,TP53,E62*,TRUNC
p289,APC,E855*,TRUNC
p291,KRAS,G12V,MISSENSE
p293,APC,Q1406*,TRUNC
p293,TP53,G245S,MISSENSE
p294,TP53,G245C,MISSENSE
p295,TP53,A159V,MISSENSE
p298,TP53,Y220C,MISSENSE
p299,TP53,Y220C,MISSENSE
p300,PIK3CA,H1047R,MISSENSE
p300,TP53,R306*,TRUNC
p301,APC,E1397*,TRUNC
p301,TP53,R282W,MISSENSE
p302,TP53,K164N,MISSENSE
p303,KRAS,G12D,MISSENSE
p306,TP53,R175H,MISSENSE
p307,TP53,G244S,MISSENSE
p309,TP53,C275Y,MISSENSE
p310,KRAS,K117N,MISSENSE
p311,TP53,E285K,MISSENSE
p313,APC,R216*,TRUNC
p314,MET,Q332K,MISSENSE
p315,APC,K1170*,TRUNC
p317,TP53,C277Y,MISSENSE
p318,TP53,R282W,MISSENSE
p319,TP53,R273C,MISSENSE
p320,APC,Q1367*,TRUNC
p321,KRAS,G12S,MISSENSE
p322,APC,L1488*,TRUNC
p322,KRAS,G13D,MISSENSE
p323,TP53,K132R,MISSENSE
p324,TP53,V216M,MISSENSE
p325,PIK3CA,E542K,MISSENSE
p328,APC,K1030*,TRUNC
p329,TP53,L145Q,MISSENSE
p330,TP53,Y220C,MISSENSE
p331,KRAS,G12D,MISSENSE
p332,TP53,R273H,MISSENSE
p333,BRAF,V600E,MISSENSE
p333,TP53,R248W,MISSENSE
p335,TP53,V272M,MISSENSE
p336,TP53,K164E,MISSENSE
p338,TP53,R282W,MISSENSE
p339,PIK3CA,E542K,MISSENSE
p340,APC,E1306*,TRUNC
p342,KRAS,G13D,MISSENSE
p342,PIK3CA,Q374H,MISSENSE
p342,TP53,G245S,MISSENSE
p343,TP53,G245S,MISSENSE
p345,TP53,Y220C,MISSENSE
p346,BRAF,V600E,MISSENSE
p347,TP53,Y236H,MISSENSE
p348,KRAS,G13D,MISSENSE
p349,TP53,Y220C,MISSENSE
p350,APC,S1315*,TRUNC
p351,TP53,R248Q,MISSENSE
p352,TP53,Y220C,MISSENSE
p353,KRAS,G12D,MISSENSE
p353,TP53,G266V,MISSENSE
p356,NRAS,G13R,MISSENSE
p356,TP53,E286*,TRUNC
p361,APC,Q1429*,TRUNC
p362,TP53,R282W,MISSENSE
p363,KRAS,G12D,MISSENSE
p364,TP53,I255T,MISSENSE
p365,TP53,G266E,MISSENSE
p366,TP53,R273C,MISSENSE
p367,TP53,R175H,MISSENSE
p368,APC,R213*,TRUNC
p369,KRAS,G12V,MISSENSE
p370,KRAS,G12D,MISSENSE
p371,TP53,R282W,MISSENSE
p372,TP53,V197M,MISSENSE
p373,TP53,E68*,TRUNC
p374,APC,E1286*,TRUNC
p375,TP53,R282W,MISSENSE
p376,KRAS,G13D,MISSENSE
p377,KRAS,G13D,MISSENSE
p377,TP53,R280G,MISSENSE
p379,TP53,R175H,MISSENSE
p380,KRAS,G12V,MISSENSE
p381,KRAS,G12V,MISSENSE
p382,TP53,Y205C,MISSENSE
p383,APC,E1306*,TRUNC
p383,TP53,R248Q,MISSENSE
p384,TP53,I254S,MISSENSE
p386,KRAS,G12D,MISSENSE
p388,TP53,R273H,MISSENSE
p389,APC,R554*,TRUNC
p391,TP53,R249G,MISSENSE
p392,APC,Q1367*,TRUNC
p392,TP53,R282W,MISSENSE
p393,KRAS,G12D,MISSENSE
p394,TP53,Y236C,MISSENSE
p395,TP53,R175H,MISSENSE
p396,TP53,S183*,TRUNC
p397,KRAS,G13D,MISSENSE
p398,TP53,P278A,MISSENSE
p400,TP53,R248W,MISSENSE
p401,KRAS,A146T,MISSENSE
p402,APC,Q1367*,TRUNC
p403,PIK3CA,E545K,MISSENSE
p404,TP53,Q192*,TRUNC
p405,NRAS,G13D,MISSENSE
p405,TP53,R213*,TRUNC
p408,APC,S1400*,TRUNC
p409,KRAS,G12S,MISSENSE
p410,TP53,C277F,MISSENSE
p411,APC,R302*,TRUNC
p412,TP53,N239D,MISSENSE
p413,TP53,G262V,MISSENSE
p414,APC,S280L,MISSENSE
p415,KRAS,G12D,MISSENSE
p416,PIK3CA,E545K,MISSENSE
p416,TP53,E271K,MISSENSE
p417,APC,E1306*,TRUNC
p417,KRAS,G12A,MISSENSE
p419,APC,Q1291*,TRUNC
p420,TP53,G245S,MISSENSE
p421,KRAS,G12C,MISSENSE
p421,PIK3CA,E545K,MISSENSE
p422,TP53,R196*,TRUNC
p423,APC,R876*,TRUNC
p424,TP53,R175H,MISSENSE
p426,NRAS,G12D,MISSENSE
p427,TP53,H214R,MISSENSE
p429,KRAS,A146V,MISSENSE
p429,TP53,M237I,MISSENSE
p431,PIK3CA,H1047L,MISSENSE
p432,APC,S1346*,TRUNC
p432,APC,W423*,TRUNC
p432,TP53,V173L,MISSENSE
p433,NRAS,Q61L,MISSENSE
p434,FGFR2,R577*,TRUNC
p435,KRAS,G12D,MISSENSE
p437,APC,W421*,TRUNC
p438,TP53,R196*,TRUNC
p439,TP53,I195T,MISSENSE
p440,TP53,R248W,MISSENSE
p442,APC,K670*,TRUNC
p442,TP53,R213*,TRUNC
p443,MET,N1099S,MISSENSE
p445,APC,Q1444*,TRUNC
p446,PIK3CA,N1044K,MISSENSE
p447,TP53,R280G,MISSENSE
p448,TP53,R175H,MISSENSE
p449,APC,E1353*,TRUNC
p451,APC,Q1477*,TRUNC
p452,APC,R232*,TRUNC
p453,FGFR1,G818R,MISSENSE
p454,APC,E1374*,TRUNC
p455,TP53,V143M,MISSENSE
p457,KRAS,G12D,MISSENSE
p459,FGFR2,A389T,MISSENSE
p460,TP53,R342*,TRUNC
p463,APC,R1450*,TRUNC
p463,APC,R876*,TRUNC
p465,KRAS,G12D,MISSENSE
p467,FGFR1,L290P,MISSENSE
p468,TP53,R196G,MISSENSE
p469,KRAS,G12V,MISSENSE
p470,NRAS,Q61K,MISSENSE
p472,MET,R1400*,TRUNC
p473,TP53,R213*,TRUNC
p474,APC,R1450*,TRUNC
p474,APC,Y935*,TRUNC
p474,KRAS,G13C,MISSENSE
p477,KRAS,Q61L,MISSENSE
p477,TP53,R175H,MISSENSE
p478,TP53,R175H,MISSENSE
p479,APC,E1155*,TRUNC
p479,APC,S1356*,TRUNC
p115,NRAS,G12C,MISSENSE
p480,KRAS,G12S,MISSENSE
p481,APC,E1309*,TRUNC
p483,KRAS,G12C,MISSENSE
p484,TP53,E258*,TRUNC
p485,TP53,R273C,MISSENSE
p488,BRAF,E501K,MISSENSE
p489,TP53,M246V,MISSENSE
p490,KRAS,G12V,MISSENSE
p491,FGFR2,P443L,MISSENSE
p492,PIK3CA,P539R,MISSENSE
p493,KRAS,G12C,MISSENSE
p494,PIK3CA,H1047R,MISSENSE
p495,TP53,S215G,MISSENSE
p496,TP53,A159D,MISSENSE
p497,KRAS,G12A,MISSENSE
p499,APC,Q1367*,TRUNC
p500,TP53,R282W,MISSENSE
p502,TP53,R273H,MISSENSE
p504,APC,R216*,TRUNC
p505,APC,R216*,TRUNC
p506,APC,Y416*,TRUNC
p506,BRAF,V600E,MISSENSE
p507,KRAS,G12D,MISSENSE
p507,TP53,P152L,MISSENSE
p508,KRAS,G12V,MISSENSE
p508,TP53,G245S,MISSENSE
p509,APC,S117*,TRUNC
p510,APC,S254*,TRUNC
p511,BRAF,V600E,MISSENSE
p512,APC,Q278H,MISSENSE
p513,KRAS,G13D,MISSENSE
p515,TP53,R175H,MISSENSE
p516,TP53,R248G,MISSENSE
p518,APC,Q1429*,TRUNC
p518,KRAS,G12D,MISSENSE
p518,PIK3CA,E545K,MISSENSE
p519,TP53,R280G,MISSENSE
p520,BRAF,V600E,MISSENSE
p520,PIK3CA,K46R,MISSENSE
p520,TP53,R248W,MISSENSE
p521,TP53,R282W,MISSENSE
p523,TP53,R282G,MISSENSE
p524,TP53,R248Q,MISSENSE
p527,TP53,R175H,MISSENSE
p528,TP53,E349*,TRUNC
p529,BRAF,V600E,MISSENSE
p530,KRAS,G12A,MISSENSE
p531,FGFR1,R254Q,MISSENSE
p532,NRAS,Q61K,MISSENSE
p533,APC,E1306*,TRUNC
p534,ERBB2,P562L,MISSENSE
p535,PIK3CA,E545K,MISSENSE
p536,APC,R213*,TRUNC
p537,APC,Q757*,TRUNC
p538,TP53,R282W,MISSENSE
p540,TP53,R282W,MISSENSE
p541,TP53,R213*,TRUNC
p542,APC,K993T,MISSENSE
p542,KRAS,K117N,MISSENSE
p545,ERBB2,V424I,MISSENSE
p548,APC,R805*,TRUNC
p548,TP53,Y220C,MISSENSE
p549,TP53,R248W,MISSENSE
p550,TP53,R273H,MISSENSE
p551,TP53,Y220C,MISSENSE
p553,APC,E1408*,TRUNC
p554,APC,R1450*,TRUNC
p555,KRAS,G13D,MISSENSE
p557,FGFR1,R577S,MISSENSE
p558,APC,M1383K,MISSENSE
p558,TP53,R158H,MISSENSE
p560,BRAF,G358A,MISSENSE
p561,TP53,R273H,MISSENSE
p563,TP53,E298*,TRUNC
p564,TP53,R196*,TRUNC
p565,APC,R216*,TRUNC
p565,TP53,G105C,MISSENSE
p566,TP53,N239D,MISSENSE
p567,TP53,Y205H,MISSENSE
p568,TP53,Y220C,MISSENSE
p569,PIK3CA,R1023Q,MISSENSE
p569,TP53,K132R,MISSENSE
p570,TP53,P152L,MISSENSE
p571,PIK3CA,E542K,MISSENSE
p572,APC,R216*,TRUNC
p574,ERBB2,Y835S,MISSENSE
p575,TP53,R175H,MISSENSE
p577,TP53,C275Y,MISSENSE
p578,ERBB2,E717A,MISSENSE
p579,ERBB2,G776V,MISSENSE
p581,TP53,R273C,MISSENSE
p582,APC,R805*,TRUNC
p582,KRAS,G12V,MISSENSE
p583,TP53,R273C,MISSENSE
p588,TP53,Q331*,TRUNC
p589,APC,Q978*,TRUNC
p590,FGFR1,R209H,MISSENSE
p591,TP53,R273H,MISSENSE
p594,KRAS,Q61H,MISSENSE
p595,BRAF,V600E,MISSENSE
p595,TP53,R306*,TRUNC
p596,BRAF,F548C,MISSENSE
p597,TP53,R248W,MISSENSE
p598,KRAS,G13D,MISSENSE
p599,TP53,C135F,MISSENSE
p600,TP53,R342*,TRUNC
p601,APC,R1450*,TRUNC
p603,APC,Q1338*,TRUNC
p603,TP53,H179Y,MISSENSE
p605,KRAS,V7E,MISSENSE
p605,TP53,G245S,MISSENSE
p607,APC,E1397L,MISSENSE
p608,APC,E1322*,TRUNC
p609,TP53,R273H,MISSENSE
p611,TP53,K132R,MISSENSE
p612,TP53,G266V,MISSENSE
p613,PIK3CA,E545K,MISSENSE
p615,TP53,R175H,MISSENSE
p616,APC,R1450*,TRUNC
p617,KRAS,G13D,MISSENSE
p618,KRAS,L19F,MISSENSE
p619,FGFR2,D133N,MISSENSE
p621,TP53,W53*,TRUNC
p622,TP53,E339*,TRUNC
p623,TP53,R175H,MISSENSE
p625,KRAS,G13D,MISSENSE
p626,TP53,R273H,MISSENSE
p627,APC,C661S,MISSENSE
p629,KRAS,G12D,MISSENSE
p630,APC,Y1376*,TRUNC
p631,TP53,C275F,MISSENSE
p632,TP53,K132R,MISSENSE
p635,TP53,C238G,MISSENSE
p636,BRAF,V600E,MISSENSE
p637,KRAS,G12D,MISSENSE
p638,KRAS,A146T,MISSENSE
p643,APC,R1450*,TRUNC
p643,KRAS,G12D,MISSENSE
p644,PIK3CA,E545K,MISSENSE
p645,APC,Q1367*,TRUNC
p646,TP53,R273C,MISSENSE
p647,TP53,Q192*,TRUNC
p648,PIK3CA,H1047L,MISSENSE
p649,ERBB2,S310F,MISSENSE
p650,ERBB2,V777L,MISSENSE
p650,KRAS,G12V,MISSENSE
p651,TP53,R213*,TRUNC
p654,APC,S895*,TRUNC
p655,BRAF,D594G,MISSENSE
p656,FGFR1,V102I,MISSENSE
p657,FGFR2,I348N,MISSENSE
p658,TP53,R175H,MISSENSE
p660,KRAS,G12V,MISSENSE
p662,TP53,Y107D,MISSENSE
p663,TP53,S240R,MISSENSE
p664,TP53,R248W,MISSENSE
p666,BRAF,V600E,MISSENSE
p667,TP53,D281E,MISSENSE
p669,APC,R1450*,TRUNC
p670,APC,E1322*,TRUNC
p671,BRAF,V600E,MISSENSE
p671,PIK3CA,R412Q,MISSENSE
p672,APC,R499*,TRUNC
p672,KRAS,G13D,MISSENSE
p673,APC,L1564*,TRUNC
p674,TP53,K132N,MISSENSE
p675,KRAS,A146T,MISSENSE
p676,MET,R1166Q,MISSENSE
p677,APC,R213*,TRUNC
p677,KRAS,G12C,MISSENSE
p680,APC,E847*,TRUNC
p680,KRAS,G13D,MISSENSE
p681,KRAS,G12S,MISSENSE
p682,APC,R283*,TRUNC
p684,TP53,S241T,MISSENSE
p686,APC,G1357*,TRUNC
p687,KRAS,G12V,MISSENSE
p689,PIK3CA,E542K,MISSENSE
p690,TP53,R273H,MISSENSE
p691,MET,A31T,MISSENSE
p694,BRAF,N581D,MISSENSE
p695,TP53,R248W,MISSENSE
p696,APC,R653M,MISSENSE
p698,KRAS,Q61H,MISSENSE
p700,BRAF,D594N,MISSENSE
p701,KRAS,A146V,MISSENSE
p701,TP53,V272L,MISSENSE
p702,TP53,S127C,MISSENSE
p703,TP53,E271K,MISSENSE
p704,KRAS,Q61L,MISSENSE
p705,APC,R2560Q,MISSENSE
p705,TP53,R175H,MISSENSE
p706,TP53,G245S,MISSENSE
p707,TP53,E258G,MISSENSE
p709,APC,W25*,TRUNC
p709,APC,W54*,TRUNC
p710,BRAF,R271H,MISSENSE
p711,APC,R1450*,TRUNC
p712,APC,Q1303*,TRUNC
p712,TP53,R342*,TRUNC
p713,TP53,C176W,MISSENSE
p714,TP53,R342*,TRUNC
p715,TP53,E286K,MISSENSE
p716,APC,R302*,TRUNC
p716,TP53,R213*,TRUNC
p717,KRAS,G12C,MISSENSE
p719,KRAS,G12D,MISSENSE
p719,PIK3CA,E545K,MISSENSE
p721,TP53,E285K,MISSENSE
p722,TP53,P278S,MISSENSE
p727,TP53,R273C,MISSENSE
p728,KRAS,G12D,MISSENSE
p729,APC,R876*,TRUNC
p730,APC,R1450*,TRUNC
p731,APC,R1450*,TRUNC
p731,PIK3CA,E545K,MISSENSE
p732,TP53,E271K,MISSENSE
p733,TP53,R175H,MISSENSE
p734,TP53,R175H,MISSENSE
p735,TP53,G245S,MISSENSE
p736,APC,E893*,TRUNC
p737,APC,Q1477*,TRUNC
p738,APC,R302*,TRUNC
p740,PIK3CA,E545K,MISSENSE
p740,PIK3CA,R88Q,MISSENSE
p741,KRAS,G12S,MISSENSE
p742,KRAS,G12C,MISSENSE
p743,APC,S1346*,TRUNC
p743,KRAS,Q61H,MISSENSE
p744,TP53,C176W,MISSENSE
p745,APC,R1450*,TRUNC
p746,FGFR2,D304N,MISSENSE
p750,APC,R1450*,TRUNC
p752,KRAS,A146T,MISSENSE
p754,TP53,Y220C,MISSENSE
p755,TP53,R175H,MISSENSE
p756,KRAS,A146T,MISSENSE
p757,KRAS,K117N,MISSENSE
p759,TP53,Y220C,MISSENSE
p760,KRAS,G12D,MISSENSE
p761,TP53,R248W,MISSENSE
p762,TP53,I195T,MISSENSE
p763,TP53,C277F,MISSENSE
p764,TP53,Q136*,TRUNC
p765,TP53,V172F,MISSENSE
p768,TP53,R175H,MISSENSE
p769,APC,Q1429*,TRUNC
p770,KRAS,G13D,MISSENSE
p770,TP53,H214R,MISSENSE
p772,TP53,N239T,MISSENSE
p773,NRAS,Q61L,MISSENSE
p775,APC,Q260*,TRUNC
p775,TP53,R248W,MISSENSE
p776,TP53,K132N,MISSENSE
p777,TP53,P152L,MISSENSE
p779,APC,R1114*,TRUNC
p780,APC,Y1075*,TRUNC
p782,KRAS,G13D,MISSENSE
p784,APC,R213*,TRUNC
p784,KRAS,G12V,MISSENSE
p785,TP53,G245S,MISSENSE
p785,TP53,P98L,MISSENSE
p786,APC,R876*,TRUNC
p786,TP53,C176F,MISSENSE
p787,TP53,C277Y,MISSENSE
p788,TP53,R213*,TRUNC
p789,APC,S1346*,TRUNC
p791,APC,Q1367*,TRUNC
p791,TP53,R175H,MISSENSE
p793,APC,R876*,TRUNC
p795,TP53,L194R,MISSENSE
p797,TP53,R175H,MISSENSE
p798,PIK3CA,R88Q,MISSENSE
p799,APC,E1322*,TRUNC
p799,TP53,R248W,MISSENSE
p800,APC,G682*,TRUNC
p802,TP53,R273C,MISSENSE
p803,TP53,R248Q,MISSENSE
p804,KRAS,G13C,MISSENSE
p805,TP53,R306*,TRUNC
p806,APC,R1450*,TRUNC
p807,APC,E1309*,TRUNC
p808,PIK3CA,Q60K,MISSENSE
p809,TP53,R273H,MISSENSE
p810,TP53,R342*,TRUNC
p811,APC,E1353*,TRUNC
p812,TP53,H179D,MISSENSE
p813,KRAS,Q61L,MISSENSE
p814,KRAS,A146V,MISSENSE
p815,APC,S1327*,TRUNC
p817,APC,D2131H,MISSENSE
p819,KRAS,G12V,MISSENSE
p820,TP53,G245S,MISSENSE
p821,TP53,H179R,MISSENSE
p822,BRAF,V600E,MISSENSE
p823,APC,R838*,TRUNC
p824,TP53,R273H,MISSENSE
p826,TP53,P151S,MISSENSE
p827,APC,S1356*,TRUNC
p829,APC,R232*,TRUNC
p829,BRAF,V600E,MISSENSE
p831,APC,E1353*,TRUNC
p834,TP53,R306*,TRUNC
p837,TP53,Y220C,MISSENSE
p839,PIK3CA,E542K,MISSENSE
p840,TP53,R175H,MISSENSE
p842,APC,E991*,TRUNC
p842,KRAS,G12D,MISSENSE
p842,PIK3CA,N345K,MISSENSE
p844,TP53,R196P,MISSENSE
p846,APC,E1353*,TRUNC
p847,APC,S982L,MISSENSE
p848,KRAS,G12D,MISSENSE
p850,TP53,R273C,MISSENSE
p851,TP53,Q136E,MISSENSE
p852,TP53,R175H,MISSENSE
p853,TP53,Q167*,TRUNC
p855,TP53,H179L,MISSENSE
p856,APC,W1049*,TRUNC
p857,APC,R216*,TRUNC
p858,TP53,A276D,MISSENSE
p859,KRAS,A146V,MISSENSE
p860,TP53,Y234C,MISSENSE
p861,TP53,R248G,MISSENSE
p863,TP53,S241Y,MISSENSE
p864,KRAS,G13D,MISSENSE
p865,TP53,R196Q,MISSENSE
p867,TP53,C275Y,MISSENSE
p869,TP53,R213*,TRUNC
p870,APC,E1047*,TRUNC
p871,APC,Q1294*,TRUNC
p871,TP53,R342*,TRUNC
p872,KRAS,A18D,MISSENSE
p873,ERBB2,G120E,MISSENSE
p874,APC,Q1367*,TRUNC
p874,KRAS,G12V,MISSENSE
p876,PIK3CA,Y1021C,MISSENSE
p877,TP53,R196*,TRUNC
p879,KRAS,A146T,MISSENSE
p387,KRAS,G12D,MISSENSE
p881,APC,Q1378*,TRUNC
p883,PIK3CA,E542K,MISSENSE
p884,APC,R216*,TRUNC
p884,KRAS,G12A,MISSENSE
p885,TP53,C242Y,MISSENSE
p886,MET,T621I,MISSENSE
p890,TP53,W91*,TRUNC
p894,NRAS,Q61L,MISSENSE
p895,APC,S1400*,TRUNC
p896,TP53,R248Q,MISSENSE
p897,APC,R1450*,TRUNC
p900,KRAS,G12V,MISSENSE
p900,TP53,R175H,MISSENSE
p901,TP53,R175H,MISSENSE
p903,PIK3CA,H1047L,MISSENSE
p904,TP53,R282W,MISSENSE
p905,KRAS,G12C,MISSENSE
p905,TP53,R273C,MISSENSE
p906,TP53,P278H,MISSENSE
p907,TP53,M237I,MISSENSE
p908,TP53,Q331H,MISSENSE
p909,TP53,R280K,MISSENSE
p910,KRAS,G12D,MISSENSE
p573,TP53,V10I,MISSENSE
p912,PIK3CA,Q546K,MISSENSE
p913,FGFR2,V12M,MISSENSE
p914,ERBB2,S310F,MISSENSE
p914,TP53,V272M,MISSENSE
p915,KRAS,G12V,MISSENSE
p917,TP53,R175H,MISSENSE
p918,APC,Q1378*,TRUNC
p919,APC,S1315*,TRUNC
p921,TP53,P152T,MISSENSE
p922,APC,E1317*,TRUNC
p922,TP53,R175H,MISSENSE
p925,KRAS,G12V,MISSENSE
p926,TP53,Y163C,MISSENSE
p927,APC,R554*,TRUNC
p928,TP53,H179L,MISSENSE
p931,TP53,R196P,MISSENSE
p932,APC,R1450*,TRUNC
p933,APC,E1408*,TRUNC
p935,KRAS,G12S,MISSENSE
p936,TP53,G245S,MISSENSE
p937,APC,K993*,TRUNC
p937,TP53,H214R,MISSENSE
p941,TP53,R213*,TRUNC
p942,APC,S1315*,TRUNC
p943,APC,R216*,TRUNC
p944,KRAS,G12V,MISSENSE
p945,KRAS,G12R,MISSENSE
p946,TP53,W91*,TRUNC
p947,TP53,R273C,MISSENSE
p949,APC,Q1429*,TRUNC
p950,TP53,G245D,MISSENSE
p952,KRAS,G12D,MISSENSE
p953,TP53,C135Y,MISSENSE
p954,TP53,R213*,TRUNC
p956,TP53,G245D,MISSENSE
p957,KRAS,Q61H,MISSENSE
p958,TP53,H179Y,MISSENSE
p959,APC,R216*,TRUNC
p960,TP53,I195T,MISSENSE
p962,KRAS,G12V,MISSENSE
p963,KRAS,A146V,MISSENSE
p964,TP53,G266E,MISSENSE
p965,APC,Q1291*,TRUNC
p966,TP53,R273H,MISSENSE
p967,TP53,C238Y,MISSENSE
p967,TP53,D281N,MISSENSE
p967,TP53,M246V,MISSENSE
p969,APC,R283*,TRUNC
p970,APC,R2801Q,MISSENSE
p971,TP53,C135*,TRUNC
p972,TP53,I254N,MISSENSE
p973,APC,Q1294*,TRUNC
p974,TP53,C242F,MISSENSE
p976,APC,E1408*,TRUNC
p977,TP53,E294*,TRUNC
p978,TP53,R175H,MISSENSE
p979,BRAF,V600E,MISSENSE
p980,KRAS,G12C,MISSENSE
p981,NRAS,Q61R,MISSENSE
p982,TP53,H168L,MISSENSE
p983,TP53,R273C,MISSENSE
p984,KRAS,G12D,MISSENSE
p985,TP53,R248W,MISSENSE
p986,BRAF,V600E,MISSENSE
p988,TP53,H214R,MISSENSE
p990,KRAS,K117N,MISSENSE
p993,TP53,I195T,MISSENSE
p994,TP53,R175H,MISSENSE
p995,PIK3CA,E542K,MISSENSE
p996,TP53,V173M,MISSENSE
p997,PIK3CA,E542K,MISSENSE
p998,TP53,R273H,MISSENSE
p1000,KRAS,G12S,MISSENSE
p1002,NRAS,G13D,MISSENSE
p1003,TP53,R175H,MISSENSE
p1004,APC,R94H,MISSENSE
p1006,BRAF,V600E,MISSENSE
p1007,PIK3CA,R88Q,MISSENSE
p1008,KRAS,A146V,MISSENSE
p1010,PIK3CA,R770Q,MISSENSE
p1011,KRAS,Q61L,MISSENSE
p1012,APC,A2608T,MISSENSE
p1013,TP53,R213*,TRUNC
p1016,KRAS,G12D,MISSENSE
p1017,TP53,R248W,MISSENSE
p1018,MET,R1005Q,MISSENSE
p1019,TP53,Q167*,TRUNC
p1021,TP53,R213*,TRUNC
p1022,KRAS,A146T,MISSENSE
p1023,TP53,R248W,MISSENSE
p1024,APC,R1450*,TRUNC
p1024,TP53,H179Y,MISSENSE
p1025,APC,R216*,TRUNC
p1026,TP53,V197E,MISSENSE
p1027,KRAS,G12D,MISSENSE
p1027,TP53,E286K,MISSENSE
p1029,KRAS,G12V,MISSENSE
p1030,TP53,R282W,MISSENSE
p1031,KRAS,G12V,MISSENSE
p1032,TP53,G244D,MISSENSE
p1033,APC,E425*,TRUNC
p1034,KRAS,G12D,MISSENSE
p1035,TP53,H179L,MISSENSE
p1036,TP53,D281V,MISSENSE
p1037,KRAS,G12D,MISSENSE
p1038,TP53,R248Q,MISSENSE
p1040,BRAF,V600E,MISSENSE
p1041,KRAS,G13D,MISSENSE
p1041,TP53,E294*,TRUNC
p1042,TP53,I195N,MISSENSE
p1044,KRAS,Q61H,MISSENSE
p1044,TP53,R267P,MISSENSE
p1045,TP53,C242F,MISSENSE
p1046,APC,R1450*,TRUNC
p1046,TP53,Y103*,TRUNC
p1047,KRAS,G12S,MISSENSE
p1048,APC,R876*,TRUNC
p1048,BRAF,V600E,MISSENSE
p1049,APC,E1309*,TRUNC
p1051,KRAS,G13D,MISSENSE
p1053,MET,Q171L,MISSENSE
p1054,APC,S1315*,TRUNC
p1055,FGFR2,D304N,MISSENSE
p1057,TP53,A119G,MISSENSE
p1058,TP53,E258G,MISSENSE
p1059,KRAS,G12D,MISSENSE
p1061,TP53,K132N,MISSENSE
p1062,APC,Q886*,TRUNC
p1064,TP53,R196*,TRUNC
p1065,TP53,R248W,MISSENSE
p1066,APC,K1370*,TRUNC
p1067,APC,R653K,MISSENSE
p1067,TP53,R175H,MISSENSE
p1068,APC,E1309*,TRUNC
p1069,APC,Q412*,TRUNC
p1071,APC,V2682M,MISSENSE
p1072,TP53,V143M,MISSENSE
p1074,KRAS,A59G,MISSENSE
p1074,TP53,R175H,MISSENSE
p1075,TP53,Y163H,MISSENSE
p1076,TP53,R282W,MISSENSE
p1077,KRAS,G12V,MISSENSE
p1077,TP53,R273H,MISSENSE
p1082,APC,Q1429*,TRUNC
p1083,BRAF,V600E,MISSENSE
p1084,APC,L698*,TRUNC
p1086,TP53,R196*,TRUNC
p1087,TP53,Y220C,MISSENSE
p1088,MET,T936A,MISSENSE
p1089,APC,E1309*,TRUNC
p1090,TP53,N288D,MISSENSE
p619,TP53,C124*,TRUNC
p1093,TP53,R280G,MISSENSE
p1094,TP53,R175H,MISSENSE
p1095,APC,S1344*,TRUNC
p1096,TP53,R273C,MISSENSE
p1098,APC,Q1123*,TRUNC
p1099,TP53,R273C,MISSENSE
p1100,TP53,G244D,MISSENSE
p1101,APC,E1397*,TRUNC
p1102,APC,E1345*,TRUNC
p1103,NRAS,Q61R,MISSENSE
p1104,TP53,R213*,TRUNC
p1107,BRAF,V600E,MISSENSE
p1107,TP53,R175H,MISSENSE
p1108,BRAF,V600E,MISSENSE
p1111,KRAS,G12D,MISSENSE
p1114,TP53,R175H,MISSENSE
p1118,BRAF,V600E,MISSENSE
p1119,APC,Q1429*,TRUNC
p1120,KRAS,G12V,MISSENSE
p1121,TP53,R273C,MISSENSE
p1123,TP53,R248W,MISSENSE
p1125,PIK3CA,E545K,MISSENSE
p1126,TP53,H179R,MISSENSE
p1128,TP53,R248Q,MISSENSE
p1131,TP53,G245S,MISSENSE
p1132,ERBB2,V842I,MISSENSE
p1133,TP53,R282W,MISSENSE
p1134,APC,R1450*,TRUNC
p1134,APC,R332*,TRUNC
p1134,APC,R640W,MISSENSE
p1135,BRAF,V600E,MISSENSE
p1136,TP53,R273C,MISSENSE
p1138,TP53,R196*,TRUNC
p1139,KRAS,G12V,MISSENSE
p1140,BRAF,V600E,MISSENSE
p1140,TP53,R282W,MISSENSE
p1141,APC,R216*,TRUNC
p1142,APC,E1322*,TRUNC
p1143,APC,R216*,TRUNC
p1143,TP53,G245S,MISSENSE
p1144,APC,W699*,TRUNC
p1144,KRAS,G12V,MISSENSE
p1144,TP53,R213*,TRUNC
p1146,TP53,R282W,MISSENSE
p1147,TP53,R213*,TRUNC
p1148,APC,Q1291*,TRUNC
p1149,APC,E1295*,TRUNC
p1150,TP53,C275Y,MISSENSE
p1151,TP53,C238R,MISSENSE
p1152,TP53,R273H,MISSENSE
p1153,KRAS,G12D,MISSENSE
p1154,TP53,Y220C,MISSENSE
p1157,TP53,R273H,MISSENSE
p1158,APC,W699*,TRUNC
p1158,TP53,W146*,TRUNC
p1159,APC,Q1541*,TRUNC
p1160,TP53,R175H,MISSENSE
p1162,TP53,E11Q,MISSENSE
p735,BRAF,V600E,MISSENSE
p1164,APC,R283*,TRUNC
p1164,KRAS,G13D,MISSENSE
p1166,PIK3CA,E545K,MISSENSE
p1167,APC,E1345*,TRUNC
p1167,KRAS,G12D,MISSENSE
p1167,TP53,W91*,TRUNC
p1168,TP53,R158H,MISSENSE
p1169,TP53,Y234*,TRUNC
p1170,APC,R1114*,TRUNC
p1171,TP53,R273H,MISSENSE
p1172,BRAF,V600E,MISSENSE
p1173,TP53,R196*,TRUNC
p1174,KRAS,G12D,MISSENSE
p1176,TP53,C135W,MISSENSE
p1177,TP53,R273C,MISSENSE
p1178,TP53,P278A,MISSENSE
p1179,TP53,R213*,TRUNC
p1182,TP53,R282W,MISSENSE
p1183,TP53,R175H,MISSENSE
p1184,PIK3CA,E545K,MISSENSE
p1185,BRAF,V600E,MISSENSE
p1186,APC,R332*,TRUNC
p1187,KRAS,G13D,MISSENSE
p1188,APC,E1379*,TRUNC
p641,TP53,P98L,MISSENSE
p1189,APC,R1450*,TRUNC
p1189,TP53,R196*,TRUNC
p1190,TP53,A159V,MISSENSE
p1192,KRAS,G12D,MISSENSE
p1194,APC,K1165*,TRUNC
p1194,BRAF,D594G,MISSENSE
p1195,APC,Q978*,TRUNC
p1196,NRAS,G12D,MISSENSE
p1197,TP53,R213*,TRUNC
p1198,TP53,G245D,MISSENSE
p1200,APC,Q1367*,TRUNC
p1201,APC,R213*,TRUNC
p1201,TP53,C238Y,MISSENSE
p1202,APC,S457*,TRUNC
p1203,TP53,R273H,MISSENSE
p1204,TP53,R175H,MISSENSE
p1206,KRAS,G13D,MISSENSE
p1210,APC,E1353*,TRUNC
p1211,FGFR1,D320N,MISSENSE
p1211,KRAS,G12D,MISSENSE
p1211,PIK3CA,Q546H,MISSENSE
p1212,KRAS,Q22K,MISSENSE
p1213,APC,Q1303*,TRUNC
p1214,TP53,K132R,MISSENSE
p1215,APC,R499*,TRUNC
p1215,TP53,C242S,MISSENSE
p1216,APC,K708*,TRUNC
p1217,TP53,R248W,MISSENSE
p1218,TP53,V274D,MISSENSE
p1219,KRAS,G12A,MISSENSE
p1219,TP53,R342*,TRUNC
p1220,APC,E1353*,TRUNC
p1221,APC,R302*,TRUNC
p1222,TP53,F113C,MISSENSE
p1223,APC,E1306*,TRUNC
p1224,PIK3CA,R115L,MISSENSE
p1225,MET,G774D,MISSENSE
p1226,KRAS,G12V,MISSENSE
p1227,TP53,R280T,MISSENSE
p1228,TP53,R175H,MISSENSE
p1230,KRAS,G13D,MISSENSE
p1232,TP53,R342*,TRUNC
p1233,APC,Q1131*,TRUNC
p1233,TP53,R175H,MISSENSE
p1234,BRAF,V600E,MISSENSE
p1235,KRAS,G12C,MISSENSE
p1236,TP53,V272M,MISSENSE
p1241,TP53,P151H,MISSENSE
p1242,KRAS,A146T,MISSENSE
p1242,PIK3CA,E545G,MISSENSE
p1244,APC,R232*,TRUNC
p1245,ERBB2,V777L,MISSENSE
p1246,APC,N1824S,MISSENSE
p1247,TP53,C242L,MISSENSE
p1248,TP53,E204*,TRUNC
p1249,APC,R216*,TRUNC
p1250,APC,E1286*,TRUNC
p1250,TP53,R249S,MISSENSE
p1252,APC,R1450*,TRUNC
p1253,TP53,G266V,MISSENSE
p1254,TP53,L194R,MISSENSE
p1255,KRAS,Q61K,MISSENSE
p1255,TP53,Q167*,TRUNC
p1256,TP53,R213*,TRUNC
p1258,KRAS,G12D,MISSENSE
p1261,APC,Q1338*,TRUNC
p1262,KRAS,G12D,MISSENSE
p1262,MET,M1I,MISSENSE
p1264,TP53,R248Q,MISSENSE
p1265,PIK3CA,R108H,MISSENSE
p1268,BRAF,V600E,MISSENSE
p1269,PIK3CA,R88Q,MISSENSE
p1269,TP53,I251N,MISSENSE
p1271,TP53,R175H,MISSENSE
p1272,TP53,R273H,MISSENSE
p1273,TP53,K164E,MISSENSE
p1274,TP53,R175H,MISSENSE
p1275,BRAF,V600E,MISSENSE
p1277,KRAS,G12V,MISSENSE
p1279,KRAS,G13D,MISSENSE
p1280,KRAS,G13D,MISSENSE
p1280,TP53,H179R,MISSENSE
p1282,BRAF,R444W,MISSENSE
p1283,APC,H33N,MISSENSE
p1283,APC,R106C,MISSENSE
p1283,APC,Y1376*,TRUNC
p1283,TP53,R175H,MISSENSE
p1284,TP53,G266E,MISSENSE
p1285,TP53,R306*,TRUNC
p1287,APC,R805*,TRUNC
p1287,KRAS,G12D,MISSENSE
p1290,TP53,H193R,MISSENSE
p1291,TP53,G245S,MISSENSE
p1292,KRAS,G13D,MISSENSE
p1293,APC,L779*,TRUNC
p1294,APC,E1306*,TRUNC
p1295,TP53,R280K,MISSENSE
p1296,TP53,R110L,MISSENSE
p1296,TP53,R248W,MISSENSE
p1297,APC,R213*,TRUNC
p1297,KRAS,A146T,MISSENSE
p1298,TP53,R158G,MISSENSE
p1299,KRAS,G12V,MISSENSE
p1300,KRAS,Q61H,MISSENSE
p1300,TP53,R175H,MISSENSE
p1301,APC,E1397*,TRUNC
p1302,TP53,R282W,MISSENSE
p1304,PIK3CA,E542K,MISSENSE
p1305,TP53,R282W,MISSENSE
p1306,MET,S663L,MISSENSE
p1307,APC,E1353*,TRUNC
p1309,APC,R213*,TRUNC
p1309,TP53,Y234C,MISSENSE
p1310,PIK3CA,E542K,MISSENSE
p1310,TP53,Q317*,TRUNC
p1311,TP53,H179R,MISSENSE
p1313,APC,R876*,TRUNC
p1313,TP53,E198*,TRUNC
p1315,APC,R213*,TRUNC
p1316,APC,E1306*,TRUNC
p1318,PIK3CA,E542K,MISSENSE
p1318,TP53,W146*,TRUNC
p1319,TP53,R282W,MISSENSE
p1320,MET,H810Y,MISSENSE
p1321,APC,R213*,TRUNC
p1322,APC,E1286*,TRUNC
p1322,TP53,R342*,TRUNC
p1323,TP53,R280I,MISSENSE
p1324,MET,R417*,TRUNC
p1325,TP53,R273C,MISSENSE
p1326,APC,R216*,TRUNC
p1330,APC,E536*,TRUNC
p1330,KRAS,G12D,MISSENSE
p1330,TP53,R248Q,MISSENSE
p1331,TP53,R273H,MISSENSE
p1332,PIK3CA,H1047R,MISSENSE
p1333,TP53,G262V,MISSENSE
p1334,TP53,R175H,MISSENSE
p1335,TP53,R306*,TRUNC
p1033,MET,R988H,MISSENSE
p1336,TP53,R342*,TRUNC
p1337,PIK3CA,E545K,MISSENSE
p1339,TP53,T211I,MISSENSE
p1340,APC,R213*,TRUNC
p1341,NRAS,G12D,MISSENSE
p1342,APC,R1114*,TRUNC
p1342,TP53,R282W,MISSENSE
p1343,BRAF,V600E,MISSENSE
p1344,APC,E1397*,TRUNC
p1344,TP53,R248Q,MISSENSE
p1345,TP53,R248W,MISSENSE
p1346,TP53,R248Q,MISSENSE
p1348,TP53,H179R,MISSENSE
p1349,APC,E1156*,TRUNC
p1350,KRAS,G12D,MISSENSE
p1351,TP53,R273C,MISSENSE
p1354,TP53,R282W,MISSENSE
p1355,NRAS,Q61R,MISSENSE
p1358,TP53,V272M,MISSENSE
p1359,APC,Q901*,TRUNC
p1360,TP53,R342*,TRUNC
p1362,APC,E1353*,TRUNC
p1363,TP53,R282W,MISSENSE
p1365,BRAF,V600E,MISSENSE
p1366,APC,E1309*,TRUNC
p1366,TP53,I195T,MISSENSE
p1367,KRAS,G12C,MISSENSE
p1367,PIK3CA,H1047R,MISSENSE
p1369,TP53,Y220C,MISSENSE
p1370,TP53,A161D,MISSENSE
p1372,APC,Q1328*,TRUNC
p1374,TP53,R282W,MISSENSE
p1375,APC,E1284*,TRUNC
p1375,TP53,R273H,MISSENSE
p1376,TP53,R175H,MISSENSE
p1377,KRAS,G13D,MISSENSE
p1378,TP53,D49N,MISSENSE
p1380,KRAS,K117N,MISSENSE
p1382,TP53,L130V,MISSENSE
p1383,TP53,E286K,MISSENSE
p1385,TP53,E180*,TRUNC
p1386,TP53,R273H,MISSENSE
p315,KRAS,G12V,MISSENSE
p1389,KRAS,G12V,MISSENSE
p1390,KRAS,G12D,MISSENSE
p175,TP53,T125T,MISSENSE
p1391,APC,R1114*,TRUNC
p1391,TP53,R213*,TRUNC
p110,TP53,G105V,MISSENSE
p1393,APC,R213*,TRUNC
p1393,NRAS,Q61R,MISSENSE
p1394,ERBB2,R677Q,MISSENSE
p1395,KRAS,G13D,MISSENSE
p1396,APC,Q1303*,TRUNC
p1396,TP53,C141Y,MISSENSE
p1397,APC,R213*,TRUNC
p1399,KRAS,Q61H,MISSENSE
p1399,TP53,R175H,MISSENSE
p1400,KRAS,A146V,MISSENSE
p1401,KRAS,G12V,MISSENSE
p1403,APC,R1450*,TRUNC
p1403,APC,W699*,TRUNC
p1404,PIK3CA,H1047R,MISSENSE
p1405,TP53,R248Q,MISSENSE
p1406,KRAS,G12V,MISSENSE
p1407,TP53,I195T,MISSENSE
p1408,TP53,R273H,MISSENSE
p1409,KRAS,G12D,MISSENSE
p1409,TP53,R175H,MISSENSE
p1410,TP53,W53*,TRUNC
p1411,APC,S1282*,TRUNC
p1412,TP53,R248Q,MISSENSE
p1413,KRAS,Q61H,MISSENSE
p1414,KRAS,A146P,MISSENSE
p1415,PIK3CA,E970K,MISSENSE
p1416,TP53,M237I,MISSENSE
p1418,TP53,R158C,MISSENSE
p1420,APC,Q1291*,TRUNC
p1420,KRAS,G12A,MISSENSE
p1421,TP53,V216M,MISSENSE
p1422,APC,Q1444*,TRUNC
p1423,APC,R216*,TRUNC
p1423,NRAS,G13C,MISSENSE
p1426,TP53,R248Q,MISSENSE
p1427,TP53,V272G,MISSENSE
p1429,TP53,R273H,MISSENSE
p1432,FGFR2,R330Q,MISSENSE
p1433,TP53,R175H,MISSENSE
p1434,TP53,Q144*,TRUNC
p1435,KRAS,G12V,MISSENSE
p1436,TP53,E258*,TRUNC
p1438,TP53,R175H,MISSENSE
p1439,NRAS,G12S,MISSENSE
p1441,APC,Q1291*,TRUNC
p1443,KRAS,G12R,MISSENSE
p1444,TP53,H214R,MISSENSE
p1445,TP53,R248Q,MISSENSE
p1447,BRAF,V600E,MISSENSE
p1448,ERBB2,A516T,MISSENSE
p1449,NRAS,G13R,MISSENSE
p1449,TP53,G262V,MISSENSE
p1451,APC,R302*,TRUNC
p1452,TP53,Q192*,TRUNC
p1453,APC,Q1429*,TRUNC
p1454,APC,Q1338*,TRUNC
p1455,ERBB2,G549R,MISSENSE
p1456,PIK3CA,E542K,MISSENSE
p1458,ERBB2,R217C,MISSENSE
p1459,TP53,R181C,MISSENSE
p1461,KRAS,A146T,MISSENSE
p1462,TP53,R181P,MISSENSE
p1464,TP53,R248Q,MISSENSE
p1465,PIK3CA,E545K,MISSENSE
p1466,PIK3CA,R401*,TRUNC
p1467,APC,E1397*,TRUNC
p1467,APC,R564*,TRUNC
p1468,TP53,H193L,MISSENSE
p1471,TP53,P152L,MISSENSE
p1473,TP53,Q144*,TRUNC
p1474,TP53,R248W,MISSENSE
p1475,APC,R499*,TRUNC
p1475,APC,S1346*,TRUNC
p1475,TP53,R306*,TRUNC
p1476,APC,S1346*,TRUNC
p1478,TP53,R342*,TRUNC
p1479,APC,E1374*,TRUNC
p1480,APC,R805*,TRUNC
p1481,KRAS,G12V,MISSENSE
p1483,TP53,W91*,TRUNC
p1484,KRAS,G12S,MISSENSE
p1485,TP53,G266E,MISSENSE
p1486,TP53,Q167*,TRUNC
p1487,TP53,P152Q,MISSENSE
p1488,TP53,R175H,MISSENSE
p1489,APC,E1397*,TRUNC
p1491,BRAF,V600E,MISSENSE
p1493,APC,E941*,TRUNC
p1494,TP53,A159P,MISSENSE
p1495,BRAF,V600E,MISSENSE
p1496,KRAS,G12D,MISSENSE
p1497,PIK3CA,P104S,MISSENSE
p1497,TP53,C275Y,MISSENSE
p1498,BRAF,V600E,MISSENSE
p1499,TP53,R196*,TRUNC
p1500,FGFR1,S518S,MISSENSE
p1501,TP53,R306*,TRUNC
p1502,TP53,R213*,TRUNC
p1503,TP53,R248Q,MISSENSE
p1505,TP53,R273C,MISSENSE
p1506,TP53,E286K,MISSENSE
p1507,KRAS,G12D,MISSENSE
p1508,TP53,R282W,MISSENSE
p1510,KRAS,G12V,MISSENSE
p1511,APC,R232*,TRUNC
p1512,TP53,E171*,TRUNC
p1513,TP53,K132E,MISSENSE
p1515,APC,G1499*,TRUNC
p1515,BRAF,N581Y,MISSENSE
p1517,APC,E1306*,TRUNC
p1519,TP53,Q331*,TRUNC
p1520,TP53,R248Q,MISSENSE
p1522,TP53,R213*,TRUNC
p1523,TP53,Y220N,MISSENSE
p1524,APC,R283*,TRUNC
p1524,TP53,E285K,MISSENSE
p1338,PIK3CA,R38C,MISSENSE
p1525,APC,Q1406*,TRUNC
p1526,KRAS,G12V,MISSENSE
p1529,TP53,R248Q,MISSENSE
p1530,NRAS,Q61K,MISSENSE
p1531,APC,E893*,TRUNC
p1532,TP53,R273C,MISSENSE
p1533,TP53,P151S,MISSENSE
p1534,APC,R213*,TRUNC
p1535,APC,Q1291*,TRUNC
p1536,TP53,R282W,MISSENSE
p1538,TP53,L130F,MISSENSE
p1539,TP53,R273C,MISSENSE
p1540,FGFR1,Y380C,MISSENSE
p1541,TP53,R248W,MISSENSE
p1542,TP53,R249W,MISSENSE
p1543,KRAS,G12R,MISSENSE
p1544,TP53,R248Q,MISSENSE
p1545,TP53,G245S,MISSENSE
p1546,KRAS,G13D,MISSENSE
p1547,APC,S1344*,TRUNC
p1547,TP53,R282W,MISSENSE
p1548,APC,S1356*,TRUNC
p1548,KRAS,G12D,MISSENSE
p1548,TP53,C238Y,MISSENSE
p1550,TP53,C141Y,MISSENSE
p1551,TP53,R175H,MISSENSE
p1552,PIK3CA,H1047R,MISSENSE
p1552,TP53,P278S,MISSENSE
p1553,APC,E1353*,TRUNC
p1554,TP53,R175H,MISSENSE
p1555,BRAF,S36A,MISSENSE
p1558,TP53,C275Y,MISSENSE
p1563,TP53,S241F,MISSENSE
p1564,TP53,R306*,TRUNC
p1565,TP53,R273H,MISSENSE
p1567,TP53,P177L,MISSENSE
p1569,BRAF,E26A,MISSENSE
p1571,APC,R283*,TRUNC
p1572,TP53,R282W,MISSENSE
p1574,TP53,R306*,TRUNC
p1575,TP53,R175H,MISSENSE
p1576,TP53,E204*,TRUNC
p1577,TP53,R273C,MISSENSE
p875,TP53,D259V,MISSENSE
p1578,PIK3CA,C420R,MISSENSE
p1578,TP53,R273H,MISSENSE
p1579,BRAF,V600E,MISSENSE
p1579,TP53,F134L,MISSENSE
p1580,TP53,R175H,MISSENSE
p1581,KRAS,G12S,MISSENSE
p1583,APC,Q247*,TRUNC
p1583,KRAS,G13D,MISSENSE
p1584,ERBB2,R678Q,MISSENSE
p1585,TP53,R213*,TRUNC
p1586,TP53,F134L,MISSENSE
p1587,TP53,R248W,MISSENSE
p1588,APC,P2216S,MISSENSE
p1589,APC,E1286*,TRUNC
p1590,APC,Y935*,TRUNC
p1592,APC,R232*,TRUNC
p1593,TP53,V197E,MISSENSE
p1594,PIK3CA,E542K,MISSENSE
p1595,TP53,R249G,MISSENSE
p1596,KRAS,A146T,MISSENSE
p1597,APC,Q793*,TRUNC
p1597,KRAS,G12D,MISSENSE
p1598,BRAF,V600E,MISSENSE
p1602,TP53,H179Y,MISSENSE
p1603,TP53,R273C,MISSENSE
p1604,TP53,I195T,MISSENSE
p1605,KRAS,A146T,MISSENSE
p1606,BRAF,W531L,MISSENSE
p1607,ERBB2,E286K,MISSENSE
p1608,APC,R499*,TRUNC
p1609,TP53,Y234*,TRUNC
p1611,APC,E1322*,TRUNC
p1612,TP53,R282W,MISSENSE
p1615,TP53,I255T,MISSENSE
p1617,TP53,E62*,TRUNC
p1619,TP53,Y236C,MISSENSE
p1621,APC,R232*,TRUNC
p1623,TP53,G245S,MISSENSE
p1625,BRAF,I527V,MISSENSE
p1626,KRAS,G12V,MISSENSE
p1627,APC,E1408*,TRUNC
p1629,APC,R876*,TRUNC
p1630,TP53,R175H,MISSENSE
p1632,APC,Q1367*,TRUNC
p1633,TP53,I195N,MISSENSE
p1635,APC,Q1328*,TRUNC
p1636,FGFR2,V232A,MISSENSE
p1637,TP53,R306*,TRUNC
p1639,KRAS,G12V,MISSENSE
p1640,NRAS,Q61K,MISSENSE
p1641,TP53,P152L,MISSENSE
p1642,KRAS,G13D,MISSENSE
p1644,APC,E1020K,MISSENSE
p1645,KRAS,G12D,MISSENSE
p1647,TP53,G334W,MISSENSE
p1648,TP53,I255T,MISSENSE
p1649,APC,E1309*,TRUNC
p1649,TP53,R158H,MISSENSE
p1650,TP53,H214R,MISSENSE
p1651,KRAS,G12D,MISSENSE
p1652,TP53,R248W,MISSENSE
p1653,TP53,R273C,MISSENSE
p1654,ERBB2,R143Q,MISSENSE
p1655,TP53,E285K,MISSENSE
p1656,KRAS,G12D,MISSENSE
p1657,APC,D1512N,MISSENSE
p1658,BRAF,V600E,MISSENSE
p1658,TP53,R306*,TRUNC
p1659,TP53,R273H,MISSENSE
p1661,TP53,R248W,MISSENSE
p1662,TP53,M384L,MISSENSE
p1663,TP53,Y126*,TRUNC
p1665,TP53,R175H,MISSENSE
p1666,KRAS,G12V,MISSENSE
p1667,APC,R876*,TRUNC
p1667,TP53,R175G,MISSENSE
p1668,TP53,R282W,MISSENSE
p1669,APC,R876*,TRUNC
p1669,NRAS,Q61R,MISSENSE
p1670,TP53,Q331*,TRUNC
p1673,NRAS,G12S,MISSENSE
p1674,TP53,R273C,MISSENSE
p1675,TP53,R273H,MISSENSE
p1677,BRAF,V600E,MISSENSE
p1677,TP53,R175H,MISSENSE
p1679,KRAS,G12S,MISSENSE
p1681,TP53,R213*,TRUNC
p1682,TP53,R306*,TRUNC
p1683,KRAS,G13D,MISSENSE
p1685,APC,R1114*,TRUNC
p1685,KRAS,G12A,MISSENSE
p1686,TP53,R282W,MISSENSE
p1687,BRAF,V600E,MISSENSE
p1688,TP53,R248Q,MISSENSE
p1689,TP53,R273C,MISSENSE
p1690,TP53,M133K,MISSENSE
p1691,TP53,R175H,MISSENSE
p1692,TP53,R342*,TRUNC
p1693,TP53,R273H,MISSENSE
p1694,TP53,K132R,MISSENSE
p1695,FGFR1,A263T,MISSENSE
p1696,BRAF,N581H,MISSENSE
p1697,TP53,M133K,MISSENSE
p1699,TP53,V272G,MISSENSE
p1700,TP53,R248W,MISSENSE
p1701,TP53,R175H,MISSENSE
p1703,KRAS,A146T,MISSENSE
p1704,APC,R1114*,TRUNC
p1704,TP53,R282W,MISSENSE
p1705,KRAS,G13D,MISSENSE
p1706,PIK3CA,E545K,MISSENSE
p1709,TP53,R175H,MISSENSE
p1710,KRAS,G13D,MISSENSE
p1711,PIK3CA,N370S,MISSENSE
p1712,TP53,R342*,TRUNC
p1716,TP53,R175H,MISSENSE
p1717,TP53,R280T,MISSENSE
p1718,APC,E1309*,TRUNC
p1719,TP53,R248Q,MISSENSE
p1721,TP53,R248Q,MISSENSE
p1723,TP53,M237I,MISSENSE
p1724,KRAS,G12D,MISSENSE
p1725,TP53,Y234C,MISSENSE
p1726,TP53,R209*,TRUNC
p1727,TP53,R110L,MISSENSE
p1728,TP53,R196*,TRUNC
p1729,APC,K1308N,MISSENSE
p1729,APC,K1310*,TRUNC
p1730,APC,T2422A,MISSENSE
p1731,TP53,R248W,MISSENSE
p1732,TP53,S215G,MISSENSE
p1733,TP53,R175H,MISSENSE
p1735,TP53,R248Q,MISSENSE
p1736,TP53,L130F,MISSENSE
p1737,APC,S1346*,TRUNC
p1741,KRAS,G12D,MISSENSE
p1742,APC,S823*,TRUNC
p1743,KRAS,Q61H,MISSENSE
p1743,TP53,P278S,MISSENSE
p1744,TP53,M237I,MISSENSE
p1745,KRAS,A146T,MISSENSE
p1747,PIK3CA,E545A,MISSENSE
p1748,TP53,R175H,MISSENSE
p1749,TP53,R175H,MISSENSE
p1750,TP53,R175H,MISSENSE
p1751,TP53,R282W,MISSENSE
p1753,TP53,R306*,TRUNC
p1754,BRAF,T218I,MISSENSE
p1754,BRAF,V600E,MISSENSE
p1756,ERBB2,R203H,MISSENSE
p1757,TP53,Y220C,MISSENSE
p1759,APC,Q1303*,TRUNC
p1759,KRAS,G13D,MISSENSE
p1760,TP53,K132N,MISSENSE
p1762,BRAF,V600E,MISSENSE
p1763,TP53,H179Q,MISSENSE
p1764,TP53,R248W,MISSENSE
p1765,KRAS,G12S,MISSENSE
p1766,KRAS,G12D,MISSENSE
p1766,TP53,R248W,MISSENSE
p1767,TP53,P152L,MISSENSE
p1768,NRAS,G12D,MISSENSE
p1768,TP53,V147D,MISSENSE
p1770,TP53,R248Q,MISSENSE
p1771,APC,E19D,MISSENSE
p1772,KRAS,G13D,MISSENSE
p1773,TP53,Y220C,MISSENSE
p1774,APC,R1450*,TRUNC
p1776,TP53,R175H,MISSENSE
p1778,TP53,Q136E,MISSENSE
p1779,TP53,R306*,TRUNC
p1781,APC,E1286*,TRUNC
p1781,TP53,R282W,MISSENSE
p1782,TP53,T125T,MISSENSE
p1784,ERBB2,G776S,MISSENSE
p1785,APC,K1165*,TRUNC
p1786,KRAS,G12D,MISSENSE
p1786,TP53,R248W,MISSENSE
p1787,TP53,R175H,MISSENSE
p14,ERBB2,AMP,CNA
p28,MET,AMP,CNA
p30,MET,AMP,CNA
p51,ERBB2,AMP,CNA
p138,ERBB2,AMP,CNA
p179,ERBB2,AMP,CNA
p274,MET,AMP,CNA
p292,FGFR1,AMP,CNA
p294,KRAS,AMP,CNA
p307,BRAF,AMP,CNA
p307,MET,AMP,CNA
p362,ERBB2,AMP,CNA
p367,FGFR2,AMP,CNA
p389,FGFR1,AMP,CNA
p392,ERBB2,AMP,CNA
p396,KRAS,AMP,CNA
p400,PIK3CA,AMP,CNA
p424,ERBB2,AMP,CNA
p437,ERBB2,AMP,CNA
p438,MET,AMP,CNA
p439,MET,AMP,CNA
p463,ERBB2,AMP,CNA
p1791,MET,AMP,CNA
p501,BRAF,AMP,CNA
p505,MET,AMP,CNA
p510,FGFR1,AMP,CNA
p515,MET,AMP,CNA
p516,FGFR1,AMP,CNA
p533,KRAS,AMP,CNA
p576,KRAS,AMP,CNA
p601,ERBB2,AMP,CNA
p603,KRAS,AMP,CNA
p603,MET,AMP,CNA
p606,ERBB2,AMP,CNA
p670,MET,AMP,CNA
p686,KRAS,AMP,CNA
p698,FGFR1,AMP,CNA
p707,FGFR1,AMP,CNA
p712,KRAS,AMP,CNA
p715,ERBB2,AMP,CNA
p798,ERBB2,AMP,CNA
p798,MET,AMP,CNA
p142,MET,AMP,CNA
p805,ERBB2,AMP,CNA
p826,ERBB2,AMP,CNA
p869,FGFR1,AMP,CNA
p871,FGFR1,AMP,CNA
p932,ERBB2,AMP,CNA
p945,KRAS,AMP,CNA
p960,ERBB2,AMP,CNA
p1021,FGFR1,AMP,CNA
p1054,MET,AMP,CNA
p1064,KRAS,AMP,CNA
p1126,MET,AMP,CNA
p1152,ERBB2,AMP,CNA
p1158,FGFR1,AMP,CNA
p1160,ERBB2,AMP,CNA
p1198,ERBB2,AMP,CNA
p1242,FGFR1,AMP,CNA
p1245,ERBB2,AMP,CNA
p1254,FGFR1,AMP,CNA
p1278,KRAS,AMP,CNA
p1299,ERBB2,AMP,CNA
p1262,FGFR2,AMP,CNA
p1333,MET,AMP,CNA
p1797,ERBB2,AMP,CNA
p1394,ERBB2,AMP,CNA
p1422,MET,AMP,CNA
p1473,ERBB2,AMP,CNA
p1475,KRAS,AMP,CNA
p1485,KRAS,AMP,CNA
p1503,ERBB2,AMP,CNA
p1524,ERBB2,AMP,CNA
p1529,ERBB2,AMP,CNA
p1238,ERBB2,AMP,CNA
p1551,ERBB2,AMP,CNA
p1560,ERBB2,AMP,CNA
p1585,FGFR1,AMP,CNA
p1589,ERBB2,AMP,CNA
p1147,FGFR1,AMP,CNA
p1647,ERBB2,AMP,CNA
p1712,FGFR2,AMP,CNA
p1716,ERBB2,AMP,CNA
p1719,ERBB2,AMP,CNA
p1719,KRAS,AMP,CNA
p1039,APC,E422*,TRUNC
p1039,TP53,S127F,MISSENSE
p1073,TP53,R175H,MISSENSE
p110,BRAF,N486S,MISSENSE
p1108,TP53,G245S,MISSENSE
p1109,KRAS,G12D,MISSENSE
p1109,TP53,R213*,TRUNC
p1147,APC,R564*,TRUNC
p116,TP53,S241C,MISSENSE
p1207,KRAS,G13D,MISSENSE
p1207,TP53,Y163C,MISSENSE
p1215,MET,I279M,MISSENSE
p1238,TP53,E171*,TRUNC
p1238,TP53,G245S,MISSENSE
p124,KRAS,A146T,MISSENSE
p1276,MET,A48T,MISSENSE
p1276,TP53,R282W,MISSENSE
p1278,KRAS,G12D,MISSENSE
p1278,TP53,R282W,MISSENSE
p1356,BRAF,D594G,MISSENSE
p1356,NRAS,Q22K,MISSENSE
p1437,APC,R283*,TRUNC
p1437,KRAS,G12D,MISSENSE
p175,NRAS,Q61R,MISSENSE
p23,APC,Q433*,TRUNC
p23,TP53,N239S,MISSENSE
p246,BRAF,V600E,MISSENSE
p361,KRAS,G12D,MISSENSE
p374,APC,R499*,TRUNC
p387,TP53,E286Q,MISSENSE
p440,APC,E1345*,TRUNC
p509,APC,R2237Q,MISSENSE
p509,FGFR2,G103D,MISSENSE
p509,PIK3CA,E81D,MISSENSE
p580,FGFR1,R734Q,MISSENSE
p580,PIK3CA,E542K,MISSENSE
p587,APC,R499*,TRUNC
p587,TP53,Q38*,TRUNC
p606,ERBB2,V777L,MISSENSE
p606,TP53,R248Q,MISSENSE
p620,BRAF,V600E,MISSENSE
p620,TP53,R175H,MISSENSE
p627,TP53,R175H,MISSENSE
p641,KRAS,G12V,MISSENSE
p661,KRAS,G12D,MISSENSE
p699,APC,K1182*,TRUNC
p699,TP53,R175H,MISSENSE
p725,FGFR2,G195W,MISSENSE
p747,APC,R1114*,TRUNC
p747,APC,R302*,TRUNC
p747,KRAS,G13D,MISSENSE
p838,TP53,E258D,MISSENSE
p891,APC,R232*,TRUNC
p891,TP53,V272M,MISSENSE
p893,APC,R216*,TRUNC
p893,TP53,V216M,MISSENSE
p899,TP53,R213*,TRUNC
p911,TP53,R273H,MISSENSE
p975,PIK3CA,R88Q,MISSENSE
p975,TP53,R175H,MISSENSE
